Title,Employer,Category,Publication Date,Job Link
Embedded Software Engineer,Eeze Consulting AB,IT Developer,2024-12-04T18:53:49,https://arbetsformedlingen.se/platsbanken/annonser/29300788
Embedded Software Engineer / Function Developer - Gothenburg,Capgemini Engineering Sverige AB,IT Developer,2024-11-26T16:07:56,https://arbetsformedlingen.se/platsbanken/annonser/29281693
Embedded Software Engineer for Automotive,Akkodis Sweden AB,Consultancy,2024-12-03T11:15:29,https://arbetsformedlingen.se/platsbanken/annonser/29296193
Senior Java Software Engineer,2Mnordic IT Consulting AB,Consultancy,2024-11-26T15:15:36,https://arbetsformedlingen.se/platsbanken/annonser/29281398
Infotainment Software Engineer,Capgemini Engineering Sverige AB,Consultancy,2024-11-26T15:54:31,https://arbetsformedlingen.se/platsbanken/annonser/29281623
AUTOSAR - Software Engineer,Capgemini Engineering Sverige AB,IT Developer,2024-11-26T15:53:56,https://arbetsformedlingen.se/platsbanken/annonser/29281621
AUTOSAR  Software Engineer,Capgemini Engineering Sverige AB,IT Developer,2024-12-10T11:24:18,https://arbetsformedlingen.se/platsbanken/annonser/29311441
AUTOSAR  Software Engineer,Capgemini Engineering Sverige AB,IT Developer,2024-12-10T10:59:03,https://arbetsformedlingen.se/platsbanken/annonser/29311343
Software Engineer for Base Software and SW Architecture,Volvo Personvagnar AB,IT Developer,2024-12-02T14:25:09,https://arbetsformedlingen.se/platsbanken/annonser/29293895
Senior Embedded Software Engineer,SkillHuset Sweden AB,IT Developer,2024-11-18T14:05:38,https://arbetsformedlingen.se/platsbanken/annonser/29261591
Senior Software Engineer,Volvo Personvagnar AB,IT Developer,2024-12-05T12:25:10,https://arbetsformedlingen.se/platsbanken/annonser/29302184
Software Engineer - Diagnostics,Capgemini Engineering Sverige AB,IT Developer,2024-11-26T16:04:46,https://arbetsformedlingen.se/platsbanken/annonser/29281679
Senior Software Engineer,Volvo Personvagnar AB,IT Developer,2024-12-06T11:25:11,https://arbetsformedlingen.se/platsbanken/annonser/29304842
Function developer C++ within ADAS/AD,AFRY AB,IT Developer,2024-12-09T14:21:13,https://arbetsformedlingen.se/platsbanken/annonser/29309420
Software / Hardware Engineer - Open application,2550 Engineering AB,Consultancy,2024-10-16T08:40:23,https://arbetsformedlingen.se/platsbanken/annonser/29182345
Senior Java Developer,Deverything AB,Consultancy,2024-08-21T09:54:15,https://arbetsformedlingen.se/platsbanken/annonser/29035931
Senior Data Engineer,Baronit AB,Consultancy,2024-10-20T18:09:13,https://arbetsformedlingen.se/platsbanken/annonser/29192426
Cloud Architect,2Mnordic IT Consulting AB,Consultancy,2024-11-26T15:17:46,https://arbetsformedlingen.se/platsbanken/annonser/29281426
Embedded Software Engineers,Techster Solutions AB,IT Developer,2024-09-16T10:10:40,https://arbetsformedlingen.se/platsbanken/annonser/29105596
Senior DevOps Engineer,2Mnordic IT Consulting AB,Consultancy,2024-11-26T15:13:56,https://arbetsformedlingen.se/platsbanken/annonser/29172102
Senior Full Stack Developer (.NET),LuunaX AB,Consultancy,2024-09-16T11:51:13,https://arbetsformedlingen.se/platsbanken/annonser/29106089
Java developer,Deverything AB,Consultancy,2024-08-21T09:55:14,https://arbetsformedlingen.se/platsbanken/annonser/29035946
Senior SIL Developer,Nexer AB,Consultancy,2024-11-29T16:45:59,https://arbetsformedlingen.se/platsbanken/annonser/29290969
Senior Full Stack Developer (Java),LuunaX AB,Consultancy,2024-09-16T11:53:13,https://arbetsformedlingen.se/platsbanken/annonser/29106188
Test Developer,Techster Solutions AB,IT Developer,2024-12-09T12:55:29,https://arbetsformedlingen.se/platsbanken/annonser/29309012
Software Developer .NET C#,Together Tech AB,Consultancy,2024-12-06T10:58:20,https://arbetsformedlingen.se/platsbanken/annonser/29304663
Software Developer,ZENSEACT AB,IT Developer,2024-06-28T00:00:00,https://arbetsformedlingen.se/platsbanken/annonser/28921621
Embedded SW Developer Apple CarPlay & Android Auto,HaleyTek AB,Non-Consultancy,2024-11-21T07:49:29,https://arbetsformedlingen.se/platsbanken/annonser/29269027
SW Developer and Tester,Techster Solutions AB,IT Developer,2024-10-02T10:22:56,https://arbetsformedlingen.se/platsbanken/annonser/29147103
Android Developer,Danda AB,Consultancy,2024-08-28T18:18:53,https://arbetsformedlingen.se/platsbanken/annonser/29058273
Software Developer - WiFi/Bluetooth,HaleyTek AB,Non-Consultancy,2024-11-21T09:28:59,https://arbetsformedlingen.se/platsbanken/annonser/29269355
Lead Logistics Developer,VIPAS AB,Consultancy,2024-11-26T15:26:40,https://arbetsformedlingen.se/platsbanken/annonser/29281469
Test Engineer (HIL),cilbuper IT AB,IT Developer,2024-12-16T11:52:16,https://arbetsformedlingen.se/platsbanken/annonser/29324651
Function Developer,Techster Solutions AB,IT Developer,2024-11-04T14:06:46,https://arbetsformedlingen.se/platsbanken/annonser/29227985
Embedded Software Developer,Volvo Personvagnar AB,IT Developer,2024-12-10T22:25:10,https://arbetsformedlingen.se/platsbanken/annonser/29313365
C#/.Net developer,Deverything AB,Consultancy,2024-09-05T08:32:34,https://arbetsformedlingen.se/platsbanken/annonser/29077571
Generative AI Full stack Developer - Senior,Professional Galaxy AB,IT Developer,2024-09-21T10:21:12,https://arbetsformedlingen.se/platsbanken/annonser/29121378
C++ Software Developer (Android Automotive),Techster Solutions AB,IT Developer,2024-10-02T10:51:16,https://arbetsformedlingen.se/platsbanken/annonser/29147243
Software Developer to Sebratec,Sebratec AB,Consultancy,2024-09-24T17:40:12,https://arbetsformedlingen.se/platsbanken/annonser/29128290
Full Stack Developer (Javascript),Techster Solutions AB,IT Developer,2024-09-30T09:44:17,https://arbetsformedlingen.se/platsbanken/annonser/29139409
Software Developer - CI/CD - Automotive,Kemizares AB,Consultancy,2024-07-11T13:37:10,https://arbetsformedlingen.se/platsbanken/annonser/28963505
Explore Front-End Developer Roles at Nexer!,Nexer AB,Consultancy,2024-12-10T13:11:40,https://arbetsformedlingen.se/platsbanken/annonser/29311944
Senior Software Developer C++ – Software Download,Techster Solutions AB,IT Developer,2024-09-20T15:00:38,https://arbetsformedlingen.se/platsbanken/annonser/29120627
Senior Test Developer,Click to Hire AB,IT Developer,2024-12-06T22:57:43,https://arbetsformedlingen.se/platsbanken/annonser/29306812
ESW Android Developer,Integro Consulting AB,IT Developer,2024-11-25T12:30:16,https://arbetsformedlingen.se/platsbanken/annonser/29277425
HIL Engineer/SW Developer - CI / DevOps,Techster Solutions AB,IT Developer,2024-11-13T14:13:16,https://arbetsformedlingen.se/platsbanken/annonser/29251608
HIL Engineer/SW Developer – CI / DevOps,Techster Solutions AB,IT Developer,2024-09-24T08:55:16,https://arbetsformedlingen.se/platsbanken/annonser/29125788
Developer with Optimization Skills,Jeppesen Systems AB,IT Developer,2024-12-13T14:41:03,https://arbetsformedlingen.se/platsbanken/annonser/29321405
Senior Developer,Humly Edtech AB,IT Developer,2024-12-06T09:04:39,https://arbetsformedlingen.se/platsbanken/annonser/29304073
Senior Full Stack Web Developer with Python,2Mnordic IT Consulting AB,Consultancy,2024-11-26T15:15:16,https://arbetsformedlingen.se/platsbanken/annonser/29281394
